objective,elapsed_time
10.488572359085083,10.488572359085083
