objective,elapsed_time
1.3790032863616943,1.3790032863616943
