objective,elapsed_time
3.6291158199310303,3.6291158199310303
